{
  "epochs": [
    1,
    1,
    2,
    2,
    3,
    3,
    4,
    4,
    5,
    5,
    6,
    6,
    7,
    7,
    8,
    8,
    9,
    9,
    10,
    10,
    11,
    11,
    12,
    12,
    13,
    13,
    14,
    15,
    16,
    17,
    18,
    19,
    20,
    21,
    22,
    23,
    24,
    25,
    26,
    27,
    28,
    29,
    30,
    31,
    32,
    33,
    34,
    35,
    36,
    37,
    38,
    39,
    40,
    41,
    42,
    43,
    44,
    45,
    46,
    47,
    48,
    49,
    50
  ],
  "train_loss": [
    3.5723891939435686,
    3.9778594970703125,
    3.289128933634077,
    2.6008004120418002,
    2.873430166925703,
    2.2360389488083974,
    2.5623749579702104,
    1.5536023319831915,
    2.6723168918064664,
    1.576159051486424,
    2.2777329427855357,
    1.53762570555721,
    2.417946227959224,
    1.5507427645581109,
    1.8936150244304113,
    1.3688356067453111,
    1.7318303670201982,
    1.063577865915639,
    1.7072876010622298,
    1.0188566872051783,
    1.9855028305734908,
    1.3657332233020238,
    1.6391187139919825,
    0.9264142904430628,
    1.5513688240732466,
    0.7085505585585322,
    1.4363797519888197,
    1.5656209630625588,
    1.5231662052018302,
    1.0564218206065041,
    1.3381469654185432,
    1.6410696847098214,
    1.1665962381022317,
    1.0213569211108344,
    0.9579685458115169,
    1.50759990300451,
    1.2651082170861108,
    1.1749376101153237,
    1.2474309929779597,
    1.188094899058342,
    1.0131129558597292,
    0.9935157001018524,
    0.9181794843503407,
    1.0408029747860772,
    1.200546724455697,
    0.9590608647891453,
    0.8416483253240585,
    0.9136750187192645,
    0.875105762055942,
    1.0322441629001073,
    0.8444026740533965,
    1.2659875282219477,
    0.8250599758965629,
    0.786505119076797,
    1.1145900317600794,
    0.8370622971228191,
    0.7792009200368609,
    0.8879301505429404,
    1.1085856791053499,
    0.9224465510674885,
    0.8017391285726002,
    0.8683978925858226,
    0.8602210070405688
  ],
  "val_loss": [
    3.2033256888389587,
    4.417399168014526,
    2.8714205026626587,
    3.448582649230957,
    3.1348551511764526,
    3.1913183331489563,
    3.436026155948639,
    3.3169859647750854,
    3.829506993293762,
    3.452045500278473,
    2.9105618596076965,
    3.4812723994255066,
    2.734560579061508,
    2.893370807170868,
    2.635246992111206,
    2.6949928402900696,
    3.0002382397651672,
    2.861706852912903,
    3.300864338874817,
    3.1953415274620056,
    2.961003065109253,
    3.2919662296772003,
    2.654958188533783,
    2.9125840961933136,
    2.5571457743644714,
    2.456039845943451,
    2.87855464220047,
    2.7369327545166016,
    4.137526035308838,
    2.8817484378814697,
    2.8941367268562317,
    3.358441472053528,
    2.970301628112793,
    3.0505393743515015,
    2.8348089456558228,
    3.1243754029273987,
    3.2412925362586975,
    3.904052495956421,
    3.779487371444702,
    3.2866474986076355,
    3.1324262619018555,
    2.865937650203705,
    2.753532350063324,
    3.211076557636261,
    3.6820876598358154,
    3.257514178752899,
    3.036050498485565,
    3.430255651473999,
    3.8855744004249573,
    3.265322983264923,
    3.504676401615143,
    3.7637346386909485,
    3.1634815335273743,
    3.04910671710968,
    3.7990607023239136,
    3.445041298866272,
    3.322565495967865,
    3.240237295627594,
    3.2846617102622986,
    3.3920334577560425,
    3.410651922225952,
    4.008387625217438,
    3.303132474422455
  ],
  "train_accuracy": [
    0.5523809523809524,
    0.44761904761904764,
    0.6285714285714286,
    0.7619047619047619,
    0.6857142857142857,
    0.7714285714285715,
    0.7428571428571429,
    0.8761904761904762,
    0.6476190476190476,
    0.8571428571428571,
    0.8952380952380953,
    0.9428571428571428,
    0.6952380952380952,
    0.9333333333333333,
    0.8571428571428571,
    0.9428571428571428,
    0.8476190476190476,
    0.9619047619047619,
    0.8761904761904762,
    0.9619047619047619,
    0.7904761904761904,
    0.9523809523809523,
    0.8857142857142857,
    0.9714285714285714,
    0.9523809523809523,
    1.0,
    0.8761904761904762,
    0.8952380952380953,
    0.8476190476190476,
    0.9523809523809523,
    0.8952380952380953,
    0.9142857142857143,
    0.9523809523809523,
    0.8952380952380953,
    0.9523809523809523,
    0.9333333333333333,
    0.9047619047619048,
    0.9047619047619048,
    0.8571428571428571,
    0.9238095238095239,
    0.9809523809523809,
    0.9809523809523809,
    0.9523809523809523,
    0.9523809523809523,
    0.9238095238095239,
    0.9428571428571428,
    0.9714285714285714,
    0.9809523809523809,
    0.9714285714285714,
    0.9428571428571428,
    0.9619047619047619,
    0.9142857142857143,
    0.9809523809523809,
    0.9904761904761905,
    0.9523809523809523,
    0.9809523809523809,
    0.9904761904761905,
    0.9238095238095239,
    0.9142857142857143,
    0.9428571428571428,
    0.9904761904761905,
    0.9523809523809523,
    0.9238095238095239
  ],
  "val_accuracy": [
    0.4230769230769231,
    0.3076923076923077,
    0.6153846153846154,
    0.5384615384615384,
    0.5769230769230769,
    0.5384615384615384,
    0.6153846153846154,
    0.5384615384615384,
    0.5769230769230769,
    0.5,
    0.6923076923076923,
    0.46153846153846156,
    0.6923076923076923,
    0.5384615384615384,
    0.5769230769230769,
    0.6538461538461539,
    0.6538461538461539,
    0.6538461538461539,
    0.7307692307692307,
    0.5,
    0.6538461538461539,
    0.6538461538461539,
    0.6923076923076923,
    0.7692307692307693,
    0.8076923076923077,
    0.6923076923076923,
    0.8461538461538461,
    0.8461538461538461,
    0.7692307692307693,
    0.8846153846153846,
    0.8846153846153846,
    0.8846153846153846,
    0.9230769230769231,
    0.9230769230769231,
    0.8076923076923077,
    0.8846153846153846,
    0.8846153846153846,
    0.8846153846153846,
    0.8846153846153846,
    0.8846153846153846,
    0.8461538461538461,
    0.8846153846153846,
    0.9230769230769231,
    0.8461538461538461,
    0.9230769230769231,
    0.8846153846153846,
    0.8846153846153846,
    0.8846153846153846,
    0.8846153846153846,
    0.8846153846153846,
    0.8846153846153846,
    0.9230769230769231,
    0.8846153846153846,
    0.8846153846153846,
    0.8846153846153846,
    0.9230769230769231,
    0.8846153846153846,
    0.9230769230769231,
    0.8846153846153846,
    0.8846153846153846,
    0.9230769230769231,
    0.8846153846153846,
    0.9230769230769231
  ]
}